11;Наименование события;Наименование ставки;Коэф;Банкролл;Ставка, уе.;Результат;Выигрыш;Чистый выигрыш;Коммент;Ссылки;;
5.6.2016 12:30:00;Э 1) Бердых - Маррей П2 2) Кирьос - Нисикори П2 (ATP Madrid);П1*П2 mbet;2,115;100000;5000;1;10575;5575;;http://www.oddsportal.com/tennis/spain/atp-madrid/berdych-tomas-murray-andy-S47JUSQE/;http://www.oddsportal.com/tennis/spain/atp-madrid/kyrgios-nick-nishikori-kei-GI5LjsJj/;
5.6.2016 15:00:00;Цибулкова - Чирико  WTA Madrid;Ф2(+5) mbet;1,48;100000;5000;2;0;-5000;;http://www.oddsportal.com/tennis/spain/wta-madrid/cibulkova-dominika-chirico-louisa-xS6HiN3p/;;
5.6.2016 18:00:00;Krylya Sovetov Samara - Ufa (Soccer, Russia, Premier League);Ф2(+1) mbet;1,46;100000;3000;3;3000;0;;http://www.oddsportal.com/soccer/russia/premier-league/krylya-sovetov-samara-ufa-6ZzjVJmD/;;
5.6.2016 19:00:00;Arsenal Tula - Kamaz (Soccer, Russia, Div 1);Ф1(-2) mbet;1,53;100000;3000;2;0;-3000;;http://www.oddsportal.com/soccer/russia/division-1/arsenal-tula-kamaz-ja26DWZ9/;;
5.6.2016 16:15:00;Э 1) Finland - Belarus 2) USA - Canada (IIHF);Ф1(-1) * Обе забьют, да mbet;1,4672;100000;6000;1;8803,2;2803,2;;"http://www.oddsportal.com/hockey/world/world-championship/finland-belarus-GYayH4Vq/#ah;2";"http://www.oddsportal.com/hockey/world/world-championship/usa-canada-pj95MQ7M/#bts;2";
07 May 2016, 15:30;Stepanek R. - Fritz T. (Tennis, ATP, Rome);П1 mbet;1,66;100000;4000;1;6640;2640;;"http://www.oddsportal.com/tennis/italy/atp-rome/stepanek-radek-fritz-taylor-harry-8EkTpY2D/#ah;2";;
07 May 2016, 15:30;Ymer E. - Berlocq C. (Tennis, Aix en Provence Challenger);П2 1xbet;2,04;100000;3000;1;6120;3120;;;;
07 May 2016, 17:00;Jaziri M. - Volandri F. (Tennis, ATP Rome);П1 mbet;1,7;100000;5000;2;0;-5000;;;;
07 May 2016, 16:30;Э 1) Ingolstadt - Bayern Munich  (Germany, soccer) 2) Anzhi - Zenit Petersburg (Russia, soccer);П2 во втором тайме * Ф2(-1);2,0002;100000;4000;2;0;-4000;;"http://www.oddsportal.com/soccer/germany/bundesliga/ingolstadt-bayern-munich-lKoVxtVf/#1X2;4";"http://www.oddsportal.com/soccer/russia/premier-league/anzhi-zenit-petersburg-pMR0iA4F/#ah;2;1.00;0";
07 May 2016, 16:30;Э 1)B. Monchengladbach - Bayer Leverkusen 2) ;ТМ (4) * П2 mbet;2,2379;100000;3500;2;0;-3500;;;;
07 May 2016, 20:15;Belarus - USA (IceHockey, World Championship);Ф2(-1) mbet;1,66;100000;11000;1;18260;7260;;"http://www.oddsportal.com/hockey/world/world-championship/belarus-usa-p4lvyQMF/#ah;2;1.50;0";;
07 May 2016, 21:00;Djokovic N. - Nishikori K. (ATP Madrid, tennis);1-й сет Ф1(-1.5) mbet;1,39;100000;6000;1;8340;2340;;;;
08 May 2016, 12:15;World Championship ? Kazakhstan - Russia (IceHockey);Ф1(+4);1,57;100000;5000;1;7850;2850;;;;
08 May 2016, 12:15;Э World Championship IH ? 1)  Hungary - Canada 2)  Kazakhstan - Russia;Обе забьют, нет * Ф1(+5), mbet;2,4765;100000;3000;2;0;-3000;;;;
08 May 2016, 16:15;World Championship IH ? Finland - Germany;Ф1(-2)  mbet;1,52;100000;5000;1;7600;2600;;"http://www.oddsportal.com/hockey/world/world-championship/finland-germany-x2TITsFk/#ah;2;-2.00;0";;
08 May 2016, 13:00;ITF Lleida (Tennis) ? Ramanathan R. - Auger Aliassime F.;Ф1(-1.5) bet365;2;100000;3000;1;6000;3000;;;;
08 May 2016, 20:15;World Championship IH ? Sweden - Denmark;Ф1(-2) mbet;1,86;100000;3000;1;5580;2580;;;;
10 May 2016, 03:00;Э 1) NHL ? St.Louis Blues - Dallas Stars 2) NHL ? Nashville Predators - San Jose Sharks;ИТ2Б(2) * ИТ2Б(2) mbet;2,57323;100000;2500;1;6433,075;3933,075;;"http://www.oddsportal.com/hockey/usa/nhl/st-louis-blues-dallas-stars-EmQlpcIu/?r=1#bts;2";"http://www.oddsportal.com/hockey/usa/nhl/nashville-predators-san-jose-sharks-GANvgh1A/#bts;2";
10 May 2016, 03:00;Э 1) NHL ? St.Louis Blues - Dallas Stars 2) NHL ? Nashville Predators - San Jose Sharks  Кеф =1,31*1,666 = 2,18246;ИТ1Б(2) * ИТ1Б(2) mbet;1,666;100000;2500;1;4165;1665;;"http://www.oddsportal.com/hockey/usa/nhl/st-louis-blues-dallas-stars-EmQlpcIu/?r=1#bts;2";"http://www.oddsportal.com/hockey/usa/nhl/nashville-predators-san-jose-sharks-GANvgh1A/#bts;2";
10 May 2016, 03:00;NBA ? Miami Heat - Toronto Raptors;TM(199) mbet;1,48;100000;5000;1;7400;2400;;"http://www.oddsportal.com/basketball/usa/nba/miami-heat-toronto-raptors-tjz6kIaQ/?r=1#over-under;1;199.50;0";;
10 May 2016, 22:00;Icelandic Cup, Soccer ? Leiknir - Lettir;Ф2(+5) 1хbet;1,3;100000;5000;2;0;-5000;;;;
10 May 2016, 12:00;Soccer ? Russia ? Division 1 ? Luch Energiya - Tyumen;TM(2.5) mbet;1,7;100000;5000;1;8500;3500;;;;
10 May 2016, 12:00;Soccer ? Russia ? Division 1 ? SKA Energiya - Yenisey;Ф1(-1) mbet;2,63;100000;3500;2;0;-3500;;;;
10 May 2016, 16:30;Tennis ? Germany ? Heilbronn Challenger ? Munoz-De La Nava D. - Basilashvili N.;П1 mbet;1,47;100000;5000;2;0;-5000;;http://www.oddsportal.com/tennis/germany/heilbronn-challenger/munoz-de-la-nava-daniel-basilashvili-nikoloz-Gj9ISVbK/;;
10 May 2016, 13:30;Soccer ? Russia ? Division 1 ? Baikal Irkutsk - Armavir;ТБ(1.5) bet365;1,36;100000;5000;1;6800;1800;;;;
10 May 2016, 18:30;Soccer ? Russia ? Division 2 - Center ? Ryazan - Oryol;Ф1(-1) mbet;1,92;100000;7000;3;7000;0;;;;
10 May 2016, 22:15;Tennis ? Italy ? ATP Rome ? Paire B. - Wawrinka S.;0:2 bet365;1,61;100000;4000;2;0;-4000;;;;
10 May 2016, 23:00;Теннис. Мужчины. Турнир ITF. Пачука. Мексика. Hard. Накагава Н. - Табило А.;П2 betcity;1,75;100000;3000;1;5250;2250;;;;
10 May 2016, 23:50;Теннис. Мужчины. Турнир ITF. Пачука. Мексика. Hard. Накагава Н. - Табило А. live (0:0*);П2 betcity;1,73;100000;10000;1;17300;7300;;;;
11 May 2016, 03:00;NBA ? San Antonio Spurs - Oklahoma City Thunder;Ф2(+12.5);1,4;100000;5000;1;7000;2000;;;;
11 May 2016, 03:00;USA ? NHL ? Pittsburgh Penguins - Washington Capitals;ИТ2Б(2) mbet;1,52;100000;5000;1;7600;2600;;;;
11 May 2016, 13:00;Tennis ? Italy ? ATP Rome ? Federer R. - Zverev A.;Ф1(-1.5 games) 1xbet;1,4;100000;5000;1;7000;2000;;;;
11 May 2016, 13:00;Tennis ? Italy ? ATP Rome ? Federer R. - Zverev A.;Ф1(-3 games) 1xbet;1,66;100000;2000;1;3320;1320;;http://www.oddsportal.com/tennis/italy/wta-rome/kvitova-petra-keys-madison-CbnYHnF5/;http://www.oddsportal.com/tennis/italy/wta-rome/puig-monica-ostapenko-jelena-pI5PxIRB/;
11 May 2016, 22:00;Э 1)Tennis ? Italy ? WTA Rome ? Kvitova P. - Keys M. 2)  Puig M. - Ostapenko J.;П1 * П1 mbet;2,7004;100000;3000;2;0;-3000;;;;
11 May 2016, 18:00;Handball ? Romania ? Liga Nationala ? Ploiesti - CSU Danubius Galati;ТБ(59.5) bwin;1,91;100000;3000;1;5730;2730;;"http://www.oddsportal.com/handball/romania/liga-nationala/csm-ploiesti-csu-danubius-galati-tvpBFTnM/#over-under;2;59.50;0";;
11 May 2016, 18:00;Soccer ? Ukraine ? Division 2 ? Desna - Cherkaskyi Dnipro;1-й тайм - Ничья bet365;1,67;100000;4000;1;6680;2680;;"http://www.oddsportal.com/soccer/ukraine/division-2/desna-cherkaskyi-dnipro-IRFxU5oG/#1X2;3";;
11 May 2016, 20:30;Tennis ? Italy ? ATP Rome ? Kohlschreiber P. - Nadal R.;0 : 2 по сетам betcity;1,52;100000;4000;1;6080;2080;;"http://www.oddsportal.com/tennis/italy/atp-rome/kohlschreiber-philipp-nadal-rafael-dz6OwDUe/#cs;2;9";;
11 May 2016, 17:00;Soccer ? Russia ? Premier League ? Ufa - CSKA Moscow;ИТ2Б(1.5) betcity;1,47;100000;5000;1;7350;2350;;http://www.oddsportal.com/soccer/russia/premier-league/ufa-cska-moscow-ID48m13s/;;
11 May 2016, 18:00;Tennis ? Italy ? ATP Rome Doubles ? Cuevas P./Granollers-Pujol M. - Rojer J./Tecau H.;П2 mbet;1,68;100000;4000;2;0;-4000;;http://www.oddsportal.com/tennis/italy/atp-rome-doubles/cuevas-pablo-granollers-pujol-marcel-rojer-jean-julien-tecau-horia-bijPlhem/;;
11 May 2016, 19:00;Э 1) Soccer ? Denmark ? Superliga ? Sonderjyske - Viborg 2) Soccer ? England ? Premier League ? Liverpool - Chelsea;Ф1(0) * TM (3.5) mbet;1,9656;100000;2500;1;4914;2414;;"http://www.oddsportal.com/soccer/denmark/superliga/sonderjyske-viborg-r36PS0tG/#ah;2;0.00;0";;
12 May 2016, 13:00;Tennis ? Italy ? ATP Rome ? Gasquet R. - Nishikori K.;П2 mbet;1,54;100000;5000;1;7700;2700;;http://www.oddsportal.com/tennis/italy/atp-rome/gasquet-richard-nishikori-kei-GI5AbhS4/;;
12 May 2016, 05:30;Basketball ? USA ? NBA ? Golden State Warriors - Portland Trail Blazers;ТБ(209.5) 5dimes;1,47;100000;8000;1;11760;3760;;;;
12 May 2016, 05:30;Basketball ? USA ? NBA ? Golden State Warriors - Portland Trail Blazers;ТБ(207.5) william hill;1,3;100000;10000;1;13000;3000;;;;
12 May 2016, 03:00;Basketball ? USA ? NBA ? Toronto Raptors - Miami Heat;TM(195.5) mbet;1,41;100000;5000;1;7050;2050;;;;
12 May 2016, 16:30;Tennis ? Italy ? ATP Rome ? Kyrgios N. - Nadal R.;Ф1(+5) pinnacle;1,44;100000;5000;3;5000;0;;"http://www.oddsportal.com/tennis/italy/atp-rome/kyrgios-nick-nadal-rafael-b3ETTzO6/#ah;2;5.00;2";;
12 May 2016, 13:00;Tennis ? Italy ? ATP Rome ? Federer R. - Thiem D.;П1 5dimes;1,56;100000;2000;2;0;-2000;;;;
12 May 2016, 11:00;Tennis ? Uzbekistan ? Samarkand Challenger ? Harris G. - Botzer B. T.;П1 mbet;1,7;100000;3000;1;5100;2100;;http://www.oddsportal.com/tennis/uzbekistan/samarkand-challenger/harris-lloyd-george-botzer-bar-tzuf-jJbqhfWM/;;
12 May 2016, 12:00;Tennis. ITF. India. F3. Ю. Ито - Д. Сингх;ТБ(18.5) 1xbet;1,75;100000;2500;1;4375;1875;;http://www.sofascore.com/ito-singh/vPxbsfELb;;
12 May 2016, 20:00;Tennis ? Italy ? ATP Rome ? Berdych T. - Goffin D.;П1 mbet;1,57;100000;4000;2;0;-4000;;;;
13 May 2016, 03:30;Basketball ? USA ? NBA ? Oklahoma City Thunder - San Antonio Spurs;ТБ(185.5) william hill;1,3;100000;7000;1;9100;2100;;"http://www.oddsportal.com/basketball/usa/nba/oklahoma-city-thunder-san-antonio-spurs-dh1FvLpn/#ah;1;-8.50;0";;
13 May 2016, 03:30;Basketball ? USA ? NBA ? Oklahoma City Thunder - San Antonio Spurs;П2 mbet;1,8;100000;3000;2;0;-3000;;"http://www.oddsportal.com/basketball/usa/nba/oklahoma-city-thunder-san-antonio-spurs-dh1FvLpn/#ah;1;-8.50;0";;
13 May 2016, 04:00;Hockey ? USA ? NHL ? San Jose Sharks - Nashville Predators;ТБ(4) mbet;1,4;100000;5000;1;7000;2000;;http://www.oddsportal.com/hockey/usa/nhl/san-jose-sharks-nashville-predators-jNC1czjC/;;
13 May 2016, 13:15;Э mbet Soccer ? Australia ? NPL Victoria 1) Bentleigh Greens - Northcote City 2) South Melbourne - Pascoe Vale;Ф1(-1) * Ф1(-1);1,8084;100000;3000;2;0;-3000;;"http://www.oddsportal.com/soccer/australia/npl-victoria/bentleigh-greens-northcote-city-Kx3SUqxF/#ah;2;-1.00;0";;"http://www.oddsportal.com/soccer/australia/npl-victoria/south-melbourne-pascoe-vale-Clc6N1Ul/#ah;2;-1.00;0"
13 May 2016, 02:10;Baseball ? USA ? MLB ? Boston Red Sox - Houston Astros;Ф1(-1) с ОТ mbet;2,06;100000;2000;1;4120;2120;;"http://www.oddsportal.com/baseball/usa/mlb/boston-red-sox-houston-astros-C872aWUQ/#ah;1;-1.00;0";;
13 May 2016, 13:30;Soccer ? Australia ? NPL Victoria ? Melbourne Knights - Avondale FC;Ф1(0) mbet;1,63;100000;3000;2;0;-3000;;;;
13 May 2016, 12:30;Tennis. ITF. India. F3. В. Вардхан - Ш. Имаи;П1 1хbet;1,595;100000;3000;1;4785;1785;;;;
13 May 2016, 12:00;Теннис. ITF. Турция. Ф19. Деннис Новак - Мухаммет Хайлаз;ТБ (17.5) 1xbet;1,74;100000;3000;2;0;-3000;;;;
13 May 2016, 16:30;Tennis ? Italy ? ATP Rome ? Djokovic N. - Nadal R.;П1 mbet;1,36;100000;8000;1;10880;2880;;;;
13 May 2016, 16:15;Hockey ? World ? World Championship ? Czech Republic - Kazakhstan;ИТ2Б(1);1,28;100000;10000;3;10000;0;;;;
13 May 2016, 16:30;Tennis ? Italy ? ATP Rome ? Djokovic N. - Nadal R.;Ф1(-1.5) pinnacle;1,43;100000;5000;1;7150;2150;;"http://www.oddsportal.com/tennis/italy/atp-rome/djokovic-novak-nadal-rafael-Sbp9KpQI/#ah;2;-1.50;2";;
13 May 2016, 22:00;Tennis ? Italy ? ATP Rome ? Thiem D. - Nishikori K.;П2 mbet;1,43;100000;5000;1;7150;2150;;;;
14 May 2016, 03:00;Pittsburgh Penguins - Tampa Bay Lightning;ИТ1Б(2) mbet;1,27;100000;10000;2;0;-10000;;http://www.oddsportal.com/hockey/usa/nhl/pittsburgh-penguins-tampa-bay-lightning-YLzZj1Qe/;;
14 May 2016, 03:00;Pittsburgh Penguins - Tampa Bay Lightning;ТБ (4) mbet;1,363;100000;5000;3;5000;0;;http://www.oddsportal.com/hockey/usa/nhl/pittsburgh-penguins-tampa-bay-lightning-YLzZj1Qe/;;
14 May 2016, 03:00;Basketball ? USA ? NBA ? Miami Heat - Toronto Raptors;ТМ(199.5) wh;1,25;100000;10000;1;12500;2500;;;;
14 May 2016, 03:00;Basketball ? USA ? NBA ? Miami Heat - Toronto Raptors;Ф1(+1);1,48;100000;3000;1;4440;1440;;;;
14 May 2016, 12:15;World ? World Championship ? France - Finland;Ф1(+2.5) в 1 периоде;1,23;100000;5000;1;6150;1150;;;;
14 May 2016, 21:00;Tennis ? Italy ? ATP Rome ? Djokovic N. - Nishikori K.;Ф2(+6) pin;1,47;100000;10000;1;14700;4700;;;;
14 May 2016, 21:00;Tennis ? Italy ? ATP Rome ? Djokovic N. - Nishikori K.;Ф1(+7) pin;1,18;100000;10000;1;11800;1800;;;;
15 May 2016, 02:30;Soccer ? USA ? MLS ? Columbus Crew - Colorado Rapids;Ф2(+1) mbet;1,54;100000;8000;1;12320;4320;;"http://www.oddsportal.com/soccer/usa/mls/columbus-crew-colorado-rapids-ENMSz460/#ah;2;-1.00;0";;
15 May 2016, 02:30;Soccer ? USA ? MLS ? Columbus Crew - Colorado Rapids;X2 bet365;2,05;100000;4000;1;8200;4200;;;;
15 May 2016, 06:30;Tennis ? South Korea ? Seoul Challenger ? Lu Y.H. - Stakhovsky S.;П2 bet365;2;100000;2500;1;5000;2500;;;;
15 May 2016, 09:00;Soccer ? Australia ? Brisbane Premier League ? Queensland Lions - North Pine;Ф1(-2) bet365;1,38;100000;5000;3;5000;0;;;;
15 May 2016, 04:00;Soccer ? USA ? MLS ? FC Dallas - Seattle Sounders;Seattle забьет, да mbet;1,46;100000;5000;2;0;-5000;;;;
15 May 2016, 21:00;КАНАДА: НБЛ - Плей-офф - Полуфиналы Лондон - Виндзор;П1 в 1-й четверти, betcity;1,73;100000;5000;1;8650;3650;;;;
15 May 2016, 18:00;Tennis ? Italy ? ATP Rome ? Djokovic N. - Murray A.;Ф2(+5) 5dimes;1,34;100000;5000;1;6700;1700;;;;
15 May 2016, 17:00;Soccer ? England ? Premier League ? Manchester United - Bournemouth;П1 1xbet;1,41;100000;10000;1;14100;4100;;http://www.oddsportal.com/soccer/england/premier-league/manchester-united-bournemouth-bsZIXK2G/;;
15 May 2016, 19:00;Soccer ? Italy ? Serie A ? Chievo - Bologna;ТМ(3);1,68;100000;5000;1;8400;3400;;"http://www.oddsportal.com/soccer/italy/serie-a/chievo-bologna-zDFyC16o/#over-under;2;3.00;0";;
16 May 2016, 06:10;Badminton ? World ? BWF Thomas Cup Doubles ? Hoki T./Kobayashi Y. - Andres L./Garrido L. R.;Ф2(+18.5) mbet;1,88;100000;2000;2;0;-2000;;"http://www.oddsportal.com/badminton/world/bwf-thomas-cup-doubles/hoki-takuro-kobayashi-yugo-andres-lopez-garrido-luis-ramon-hMBDVMO6/#ah;2;-18.50;3";;
16 May 2016, 20:15;Denmark - Kazakhstan;1-й период TM(2.5) mbet;1,28;100000;8000;2;0;-8000;;http://www.oddsportal.com/hockey/world/world-championship/denmark-kazakhstan-Eu6tAjJh/;;
16 May 2016, 14:00;Tennis ? France ? ATP French Open ? Olivetti A. - Kicker N.;П2 mbet;1,18;100000;8000;1;9440;1440;;;;
16 May 2016, 13:30;Soccer ? South Korea ? K League Challenge ? Bucheon FC 1995 - Gangwon;Обе забьют, да mbet;1,73;100000;5000;1;8650;3650;;http://www.oddsportal.com/soccer/south-korea/k-league-challenge/bucheon-fc-1995-gangwon-hMPoRRAc/;;
16 May 2016, 15:30;Tennis ? France ? ATP French Open ? Bemelmans R. - Monteiro T.;П2 5dimes;1,22;100000;5000;2;0;-5000;;"http://www.oddsportal.com/soccer/england/championship/brighton-sheffield-wed-xQVROsFq/#over-under;2;3.00;0";;
16 May 2016, 21:45;Soccer ? England ? Championship ? Brighton - Sheffield Wed;ТМ (3,5) mbet;1,29;100000;10000;1;12900;2900;;"http://www.oddsportal.com/soccer/england/championship/brighton-sheffield-wed-xQVROsFq/#over-under;2;2.50;0";;
16 May 2016, 21:45;Soccer ? England ? Championship ? Brighton - Sheffield Wed;ТМ (2,5) 5dimes;1,85;100000;3000;1;5550;2550;;;;
16 May 2016, 20:15;Hockey ? World ? World Championship ? Germany - Hungary;Ф1(-2) mbet;1,65;100000;5000;3;5000;0;;;;
17 May 2016, 01:00;Soccer ? Argentina ? Primera Division ? Patronato - Olimpo Bahia Blanca;ИТ2М(1);1,49;100000;5000;1;7450;2450;;;;
17 May 2016, 01:00;Soccer ? Argentina ? Primera Division ? Patronato - Olimpo Bahia Blanca;ИТ2М(0.5);2,31;100000;2000;1;4620;2620;;;;
17 May 2016, 01:00;Soccer ? Argentina ? Primera Division ? Patronato - Olimpo Bahia Blanca;ТМ(3);1,24;100000;8000;1;9920;1920;;;;
17 May 2016, 04:00;Basketball ? USA ? NBA ? Golden State Warriors - Oklahoma City Thunder;П1 c ОТ mbet;1,26;100000;5000;2;0;-5000;;;;
17 May 2016, 02:30;Hockey ? USA ? AHL ? Toronto Marlies - Albany Devils;П1 с ОТ mbet;1,46;100000;5000;1;7300;2300;;"http://www.oddsportal.com/hockey/usa/ahl/toronto-marlies-albany-devils-ll3thIPN/#home-away;1";;
17 May 2016, 03:00;Basketball ? Argentina ? Liga A ? Weber Bahia - Argentino;Ф2(+8.5) pinnacle;1,64;100000;5000;1;8200;3200;;"http://www.oddsportal.com/basketball/argentina/liga-a/weber-bahia-argentino-f3NyzeS5/#home-away;1";;
17 May 2016, 03:00;Basketball ? Argentina ? Liga A ? Weber Bahia - Argentino;П2 pinnacle;3,22;100000;1000;2;0;-1000;;"http://www.oddsportal.com/basketball/argentina/liga-a/weber-bahia-argentino-f3NyzeS5/#home-away;1";;
17 May 2016, 03:00;Hockey ? USA ? NHL ? Pittsburgh Penguins - Tampa Bay Lightning;Ф2(+2) mbet;1,36;100000;3000;1;4080;1080;;;;
17 May 2016, 06:00;Tennis ? Thailand ? Bangkok 3 Challenger ? Glasspool L. - Whittington A.;ТБ(21.5) bet365;1,8;100000;3000;2;0;-3000;;;;
17 May 2016, 03:30;Basketball ? Argentina ? Liga A ? Sionista - Lanus;Ф2(+5.5) pinnacle;1,7;100000;2000;1;3400;1400;;;;
17 May 2016, 12:15;Hockey ? World ? World Championship ? USA - Slovakia;ТБ(4.5) pinnacle;1,5;100000;4000;2;0;-4000;;"http://www.oddsportal.com/hockey/world/world-championship/usa-slovakia-vm3h7l3B/#over-under;2;4.50;0";;
17 May 2016, 12:15;Hockey ? World ? World Championship ? Czech Republic - Switzerland;1 период: ТМ(2.5) mbet;1,21;100000;10000;1;12100;2100;;;;
17 May 2016, 12:15;Hockey ? World ? World Championship ? Czech Republic - Switzerland;1 период: ТМ(1.5) mbet;1,74;100000;2000;2;0;-2000;;;;
17 May 2016, 12:15;Hockey ? World ? World Championship ? Czech Republic - Switzerland;ИТ1Б(2) mbet;1,29;100000;10000;1;12900;2900;;;;
17 May 2016, 13:00;Tennis ? France ? ATP French Open ? Khachanov K. - Hamou M.;Ф1(-4) pinnacle;1,58;100000;5000;1;7900;2900;;"http://www.oddsportal.com/tennis/france/atp-french-open/khachanov-karen-hamou-maxime-htdLNYQS/#ah;2;-4.00;2";;
18 May 2016, 13:00;Soccer ? Vietnam ? V-League ? Thanh Hoa - Dong Thap;ИТ2М(1.5) mbet;1,22;100000;10000;1;12200;2200;;"http://www.oddsportal.com/soccer/vietnam/v-league/thanh-hoa-dong-thap-hfJ85P7t/#over-under;3;1.50;0";;
18 May 2016, 13:00;Soccer ? Vietnam ? V-League ? Thanh Hoa - Dong Thap;ИТ2М(0.5) mbet;2,26;100000;2000;1;4520;2520;;"http://www.oddsportal.com/soccer/vietnam/v-league/thanh-hoa-dong-thap-hfJ85P7t/#over-under;3;1.50;0";;
18 May 2016, 13:00;Tennis ? Switzerland ? ATP Geneva ? Isner J. - Rosol L.;1-й сет ТБ(9.5) bet365;1,36;100000;6000;1;8160;2160;;"http://www.oddsportal.com/tennis/switzerland/atp-geneva/isner-john-rosol-lukas-YktuRDO0/#over-under;12;9.50;2";;
18 May 2016, 14:35;Soccer ? China ? Super League ? Beijing Guoan - Hebei;ТМ(3) 1хbet;1,39;100000;5000;1;6950;1950;;"http://www.oddsportal.com/soccer/china/super-league/beijing-guoan-hebei-china-fortune-ETgZ5Ntd/#over-under;2;3.00;0";;
18 May 2016, 13:00;Tennis ? Switzerland ? ATP Geneva ? Isner J. - Rosol L.;Тотал тайбрейков Б(0.5) mbet;1,61;100000;2000;1;3220;1220;;"http://www.oddsportal.com/tennis/switzerland/atp-geneva/isner-john-rosol-lukas-YktuRDO0/#over-under;12;9.50;2";;
18 May 2016, 16:00;Tennis ? France ? ATP French Open ? Harrison R. - Melzer G.;П2 bet365;1,66;100000;3000;1;4980;1980;;http://www.oddsportal.com/tennis/france/atp-french-open/harrison-ryan-melzer-gerald-UDLVJBZN/;;
18 May 2016, 14:30;Tennis ? France ? ATP French Open ? Barton M. - Stepanek R.;Ф1(+6) pinnacle;1,39;100000;5000;1;6950;1950;;"http://www.oddsportal.com/tennis/france/atp-french-open/barton-matthew-stepanek-radek-0xM1Dff1/#ah;2;6.00;2";;
18 May 2016, 17:30;Tennis ? France ? ATP French Open ? Khachanov K. - Samper-Montana J.;П1 pinnacle;1,22;100000;10000;2;0;-10000;;;;
20 May 2016, 21:30;Soccer ? Italy ? Serie B ? Spezia - Ascoli;X betcity;1,7;100000;5000;1;8500;3500;дог.;http://www.oddsportal.com/soccer/italy/serie-b/spezia-ascoli-0ri4tmJi/;;
19 May 2016, 01:10;Soccer ? Argentina ? Copa Argentina ? Gimnasia L.P. - Deportivo Madryn;ТБ(2) 1xbet;1,46;100000;5000;1;7300;2300;;"http://www.oddsportal.com/soccer/argentina/copa-argentina/gimnasia-l-p-deportivo-madryn-MN2xamv3/#over-under;2;2.00;0";;
19 May 2016, 03:00;Hockey ? USA ? NHL ? Tampa Bay Lightning - Pittsburgh Penguins;ТБ(3,5) 5dimes;1,23;100000;7000;1;8610;1610;;"http://www.oddsportal.com/hockey/usa/nhl/tampa-bay-lightning-pittsburgh-penguins-tztCZZU8/#ah;2;0.00;0";;
19 May 2016, 03:00;Hockey ? USA ? NHL ? Tampa Bay Lightning - Pittsburgh Penguins;Ф1(0) осн. время mbet;2,07;100000;1500;2;0;-1500;;"http://www.oddsportal.com/hockey/usa/nhl/tampa-bay-lightning-pittsburgh-penguins-tztCZZU8/#ah;2;0.00;0";;
19 May 2016, 11:45;Теннис. ITF. Ф3. Швеция М. Эрикссон - А. Арвидссон;П1 1xbet;1,495;100000;5000;2;0;-5000;;;;
19 May 2016, 11:30;Теннис. Мужчины. Турнир ITF. Прага. Чехия. Clay. Сафранек В. - Михнёв П.;Ф2(+1.5) betcity;2,01;100000;2000;1;4020;2020;;;;
19 May 2016, 12:30;Tennis ? France ? WTA French Open ? Kozlova Kat. - Feuerstein C.;П1 1хbet;1,21;100000;5000;1;6050;1050;;;;
19 May 2016, 12:45;Теннис. Мужчины. Турнир ITF. Бостад. Швеция. Clay. Морайнг М. - Утида К.;П1 betcity;1,7;100000;3000;3;3000;0;отмена при 4:4;;;
19 May 2016, 14:00;Tennis ? France ? ATP French Open ? Michon A. - Donaldson J.;Ф1(+5) pinnacle;1,46;100000;4000;1;5840;1840;;;;
20 May 2016, 01:00; Теннис > ITF. Мексика. Ф3. Пары > Кирос/Эндара - Панта/Фигероа;П1 bet365;1,72;100000;3000;1;5160;2160;;;;
20 May 2016, 03:30;Basketball ? USA ? NBA ? Cleveland Cavaliers - Toronto Raptors;ТБ(188.5) william hill;1,3;100000;10000;1;13000;3000;;"http://www.oddsportal.com/basketball/usa/nba/cleveland-cavaliers-toronto-raptors-IqaG8HwF/#ah;1;-2.50;0";;
20 May 2016, 03:30;Basketball ? USA ? NBA ? Cleveland Cavaliers - Toronto Raptors;ТБ(194) mbet;1,47;100000;3000;1;4410;1410;;"http://www.oddsportal.com/basketball/usa/nba/cleveland-cavaliers-toronto-raptors-IqaG8HwF/#ah;1;-2.50;0";;
20 May 2016, 03:30;Basketball ? USA ? NBA ? Cleveland Cavaliers - Toronto Raptors;Ф1(-4.5) 5dimes;1,26;100000;5000;1;6300;1300;;"http://www.oddsportal.com/basketball/usa/nba/cleveland-cavaliers-toronto-raptors-IqaG8HwF/#ah;1;-2.50;0";;
20 May 2016, 04:00;Hockey ? USA ? NHL ? San Jose Sharks - St.Louis Blues;1-й период ТМ (2) mbet;1,24;100000;5000;1;6200;1200;;"http://www.oddsportal.com/hockey/usa/nhl/san-jose-sharks-st-louis-blues-x8SoiwIf/#cs;2;13";;
20 May 2016, 04:00;Hockey ? USA ? NHL ? San Jose Sharks - St.Louis Blues;ТМ (6) mbet;1,34;100000;5000;1;6700;1700;;"http://www.oddsportal.com/hockey/usa/nhl/san-jose-sharks-st-louis-blues-x8SoiwIf/#cs;2;14";;
20 May 2016, 04:00;Hockey ? USA ? NHL ? San Jose Sharks - St.Louis Blues;ТМ (5) mbet;1,83;100000;1500;1;2745;1245;;"http://www.oddsportal.com/hockey/usa/nhl/san-jose-sharks-st-louis-blues-x8SoiwIf/#cs;2;15";;
20 May 2016, 04:00;Hockey ? USA ? NHL ? San Jose Sharks - St.Louis Blues;Точный счет 2:2 william hill;9,5;100000;200;2;0;-200;;"http://www.oddsportal.com/hockey/usa/nhl/san-jose-sharks-st-louis-blues-x8SoiwIf/#cs;2;16";;
20 May 2016, 04:00;Hockey ? USA ? NHL ? San Jose Sharks - St.Louis Blues;Точный счет 3:3 william hill;15;100000;200;2;0;-200;;"http://www.oddsportal.com/hockey/usa/nhl/san-jose-sharks-st-louis-blues-x8SoiwIf/#cs;2;17";;
20 May 2016, 03:05;Hockey ? USA ? ECHL ? Allen Americans - Fort Wayne Komets;ТМ(8.5) 1xbet;1,23;100000;10000;1;12300;2300;;"http://www.oddsportal.com/hockey/usa/echl/allen-americans-fort-wayne-komets-M5ZIJ3D5/#ah;2;-2.00;0";;
20 May 2016, 03:05;Hockey ? USA ? ECHL ? Allen Americans - Fort Wayne Komets;ТМ(7.5) 1xbet;1,48;100000;2000;1;2960;960;;"http://www.oddsportal.com/hockey/usa/echl/allen-americans-fort-wayne-komets-M5ZIJ3D5/#ah;2;-2.00;0";;
20 May 2016, 03:05;Hockey ? USA ? ECHL ? Allen Americans - Fort Wayne Komets;Ф2(+2) 1xbet;1,29;100000;4000;1;5160;1160;;"http://www.oddsportal.com/hockey/usa/echl/allen-americans-fort-wayne-komets-M5ZIJ3D5/#ah;2;-2.00;0";;
20 May 2016, 01:15;Soccer ? Brazil ? Copa do Brasil ? Coritiba - Juventude;ТБ(1.5) bwin;1,36;100000;3000;1;4080;1080;;"http://www.oddsportal.com/soccer/brazil/copa-do-brasil/coritiba-esporte-clube-juventude-CtgsqSNt/#1X2;2";;
20 May 2016, 03:00;Bolivia ? Liga de Futbol Prof ? Bolivar - U. Sucre;Ф2(+2) bet365;1,22;100000;10000;1;12200;2200;;"http://www.oddsportal.com/soccer/bolivia/liga-de-futbol-prof/bolivar-universitario-de-sucre-txP2hPrt/#ah;2;-1.50;0";;
20 May 2016, 03:00;Bolivia ? Liga de Futbol Prof ? Bolivar - U. Sucre;Ф2(+1.5) bet365;1,45;100000;2000;1;2900;900;;"http://www.oddsportal.com/soccer/bolivia/liga-de-futbol-prof/bolivar-universitario-de-sucre-txP2hPrt/#ah;2;-1.50;0";;
20 May 2016, 10:00;Теннис. Женщины. Турнир ITF. Галац. Румыния. Clay. Вернер К. - Ремондина А.-Дж.;П2 bet365;1,61;100000;5000;1;8050;3050;;;;
20 May 2016, 10:25;Badminton ? World ? BWF Thomas Cup Doubles ? Kim G. J./Kim S. R. - Pratama A./Suwardi R. K.;П1 bet365;1,44;100000;5000;2;0;-5000;;"http://www.oddsportal.com/badminton/world/bwf-thomas-cup-doubles/kim-gi-jung-kim-sa-rang-pratama-angga-suwardi-ricky-karanda-EL9l7pii/#home-away;2";;
21 May 2016, 01:00;Basketball ? Canada ? NBL ? Saint John - Halifax;1-ая четверть ИТ1М(26.5) betcity;1,72;100000;5000;1;8600;3600;;"http://www.oddsportal.com/basketball/canada/nbl/saint-john-halifax-bkT7VK1e/#home-away;1";;
21 May 2016, 02:00;Basketball ? Argentina ? Liga A ? Penarol - Weber Bahia;1-ая четверть П1 mbet;1,5;100000;5000;2;0;-5000;;"http://www.oddsportal.com/basketball/argentina/liga-a/penarol-weber-bahia-8IJQvMuJ/?r=1#1X2;8";;
21 May 2016, 02:00;Basketball ? Argentina ? Liga A ? Penarol - Weber Bahia;Ф2(+14.5) FT winlinebet;1,29;100000;8000;1;10320;2320;;"http://www.oddsportal.com/basketball/argentina/liga-a/penarol-weber-bahia-8IJQvMuJ/?r=1#1X2;8";;
21 May 2016, 12:35;Теннис. Мужчины. Турнир ITF. Созопол. Болгария. Hard.   Перес-Санc Д. - Лазаров А.;П1 bet365;1,36;100000;5000;1;6800;1800;отказ  при 1:0 (6:3, 4:1));;;
21 May 2016, 14:00;Tennis ? Switzerland ? ATP Geneva Doubles ? Klaasen R./Ram R. - Johnson S./Querrey S.;П1 pinnacle;1,81;100000;5000;2;0;-5000;;;;
21 May 2016, 15:30;Tennis ? France ? ATP Nice ? Thiem D. - Zverev A.;П1 5dimes;1,27;100000;10000;1;12700;2700;;"http://www.oddsportal.com/tennis/france/atp-nice/thiem-dominic-zverev-alexander-QPffoPpG/#home-away;2";;
21 May 2016, 16:00;Tennis ? Switzerland ? ATP Geneva ? Wawrinka S. - Cilic M.;Ф2(+5.5) pinnacle;1,25;100000;8000;1;10000;2000;;;;
21 May 2016, 16:00;Tennis ? Switzerland ? ATP Geneva ? Wawrinka S. - Cilic M.;Ф2(+1.5 sets) pinnacle;1,88;100000;2000;2;0;-2000;;;;
21 May 2016, 19:30;Soccer ? England ? FA Cup ? Crystal Palace - Manchester United;1-й тайм ТМ(1.5) winlinebet;1,36;100000;5000;1;6800;1800;;"http://www.oddsportal.com/soccer/england/fa-cup/crystal-palace-manchester-united-48XJae9g/#over-under;3;1.50;0";;
21 May 2016, 20:15;Hockey ? World ? World Championship ? Canada - USA;1-й период П1 williamhill;1,75;100000;3000;1;5250;2250;;;;
21 May 2016, 21:00;Basketball ? Slovenia ? Liga Nova KBM ? Zlatorog Lasko - Union Olimpija;ТБ(143.5) FT+OT williamhill;1,29;100000;5000;2;0;-5000;;"http://www.oddsportal.com/basketball/slovenia/liga-nova-kbm/zlatorog-lasko-union-olimpija-ADnZF3rN/#over-under;1;143.50;0";;
22 May 2016, 01:00;Soccer ? Paraguay ? Primera Division ? Olimpia Asuncion - River Plate;Ф1(-1) bet365;1,38;100000;5000;1;6900;1900;;"http://www.oddsportal.com/soccer/paraguay/primera-division/olimpia-asuncion-club-river-plate-zZUeci3Q/#over-under;2;4.00;0";;
22 May 2016, 01:00;Soccer ? Paraguay ? Primera Division ? Olimpia Asuncion - River Plate;П1П1 (тайм-матч) mbet;1,6;100000;5000;1;8000;3000;;"http://www.oddsportal.com/soccer/paraguay/primera-division/olimpia-asuncion-club-river-plate-zZUeci3Q/#over-under;2;4.00;0";;
22 May 2016, 01:00;Soccer ? Paraguay ? Primera Division ? Olimpia Asuncion - River Plate;ТМ(4) 1xbet;1,38;100000;4000;1;5520;1520;;"http://www.oddsportal.com/soccer/paraguay/primera-division/olimpia-asuncion-club-river-plate-zZUeci3Q/#over-under;2;4.00;0";;
22 May 2016, 02:00;Volleyball ? World ? Pan-American Cup ? Costa Rica - Canada;Ф2(-2.5 sets) william hill;1,53;100000;8000;1;12240;4240;;;;
22 May 2016, 02:00;Hockey ? USA ? AHL ? Hershey Bears - Toronto Marlies;1 период ТМ(2.5) mbet;1,22;100000;8000;1;9760;1760;;"http://www.oddsportal.com/hockey/usa/ahl/hershey-bears-toronto-marlies-b7MQxbA6/#ah;2;1.00;0";;
22 May 2016, 02:00;Hockey ? USA ? AHL ? Hershey Bears - Toronto Marlies;1 период ТМ(1.5) bwin;1,8;100000;1500;2;0;-1500;;"http://www.oddsportal.com/hockey/usa/ahl/hershey-bears-toronto-marlies-b7MQxbA6/#ah;2;1.00;0";;
22 May 2016, 02:00;Hockey ? USA ? AHL ? Hershey Bears - Toronto Marlies;Ф1(+2.5) mbet;1,21;100000;10000;1;12100;2100;;"http://www.oddsportal.com/hockey/usa/ahl/hershey-bears-toronto-marlies-b7MQxbA6/#ah;2;1.00;0";;
22 May 2016, 02:00;Hockey ? USA ? AHL ? Hershey Bears - Toronto Marlies;Ф1(+1) FT mbet;1,56;100000;2000;1;3120;1120;;"http://www.oddsportal.com/hockey/usa/ahl/hershey-bears-toronto-marlies-b7MQxbA6/#ah;2;2.50;0";;
22 May 2016, 02:15;Hockey ? USA ? NHL ? San Jose Sharks - St.Louis Blues;1 период ТМ(2) mbet;1,22;100000;10000;3;10000;0;;;;
22 May 2016, 19:02;Rugby Union ? World ? Seven's World Series - England ? Argentina - New Zealand;Ф1(+9.5) betcity;1,9;100000;6000;2;0;-6000;;;;
22 May 2016, 19:10;Basketball ? Latvia ? LBL ? Valmiera/ORDO - VEF Riga;1-st half Ф1(+2) sbobet;1,76;100000;3000;1;5280;2280;;"http://www.oddsportal.com/basketball/latvia/lbl/valmiera-ord-vef-riga-EwXRyddr/#ah;3";;
22 May 2016, 19:30;World ? Toulon Tournament ? Czech Republic U20 - Bulgaria U21;П1 sbobet;2,19;100000;3000;2;0;-3000;;"http://www.oddsportal.com/soccer/world/toulon-tournament/czech-republic-bulgaria-ChgspKGl/#1X2;2";;
22 May 2016, 20:45;Hockey ? World ? World Championship ? Finland - Canada;1 период ТМ(2.5) mbet;1,2;100000;10000;1;12000;2000;;;;
22 May 2016, 20:45;Hockey ? World ? World Championship ? Finland - Canada;1 период ТМ(1.5) mbet;1,7;100000;2000;1;3400;1400;;;;
23 May 2016, 00:00;Soccer ? Paraguay ? Primera Division ? Deportivo Capiata - Sp. Luqueno;1X bet365;1,73;100000;3000;1;5190;2190;;"http://www.oddsportal.com/soccer/paraguay/primera-division/deportivo-capiata-sp-luqueno-SWm5zUeD/#over-under;3;1.50;0";;
23 May 2016, 00:00;Soccer ? Paraguay ? Primera Division ? Deportivo Capiata - Sp. Luqueno;1 тайм ТМ(2.5) winlinebet;1,16;100000;10000;1;11600;1600;;"http://www.oddsportal.com/soccer/paraguay/primera-division/deportivo-capiata-sp-luqueno-SWm5zUeD/#over-under;3;1.50;0";;
23 May 2016, 00:00;Soccer ? Paraguay ? Primera Division ? Deportivo Capiata - Sp. Luqueno;1 тайм ТМ(1.5) mbet;1,67;100000;1500;1;2505;1005;;"http://www.oddsportal.com/soccer/paraguay/primera-division/deportivo-capiata-sp-luqueno-SWm5zUeD/#over-under;3;1.50;0";;
23 May 2016, 00:30;Soccer ? Argentina ? Primera Division ? Boca Juniors - Defensa y Justicia;ИТ2Б(0.5) mbet;1,42;100000;4000;2;0;-4000;;"http://www.oddsportal.com/soccer/argentina/primera-division/boca-juniors-defensa-y-justicia-nwvdsQ2O/#1X2;2";;
23 May 2016, 01:00;Soccer ? Colombia ? Liga Aguila ? Atl. Nacional - Santa Fe;Ф1(0) bet365;1,7;100000;5000;2;0;-5000;;;;
23 May 2016, 02:00;Basketball ? South America ? South American Championship Women ? Ecuador W - Venezuela W;1Q П2 mbet;1,49;100000;5000;1;7450;2450;;"http://www.oddsportal.com/basketball/south-america/south-american-championship-women/ecuador-venezuela-zPgELCzS/#1X2;2";;
23 May 2016, 02:00;Basketball ? South America ? South American Championship Women ? Ecuador W - Venezuela W;П2 FT mbet;1,23;100000;10000;1;12300;2300;;"http://www.oddsportal.com/basketball/south-america/south-american-championship-women/ecuador-venezuela-zPgELCzS/#1X2;2";;
23 May 2016, 01:30;Soccer ? USA ? NWSL Women ? Boston Breakers W - Kansas City W;Обе забьют, нет mbet;1,95;100000;2000;1;3900;1900;;;;
23 May 2016, 16:30;Tennis ? France ? ATP French Open ? Karlovic I. - Montanes A.;1-сет Ф1(+1.5) mbet;1,48;100000;5000;1;7400;2400;;"http://www.oddsportal.com/tennis/france/atp-french-open/karlovic-ivo-montanes-albert-UJj5FxKi/#ah;13";;
23 May 2016, 16:30;Tennis ? France ? ATP French Open ? Karlovic I. - Montanes A.;2-сет Ф1(+1.5) mbet;1,49;100000;5000;1;7450;2450;;"http://www.oddsportal.com/tennis/france/atp-french-open/karlovic-ivo-montanes-albert-UJj5FxKi/#ah;13";;
23 May 2016, 16:00;Tennis ? France ? WTA French Open ? Buyukakcay C. - Sasnovich A.;Ф1(+3.5) betcity;1,41;100000;5000;1;7050;2050;ставка при Interrupted 1:1 (5:7, 7:62, 1:2);"http://www.oddsportal.com/tennis/france/wta-french-open/buyukakcay-cagla-sasnovich-aliaksandra-46f4G7tI/#ah;2";;
24 May 2016, 03:00;Hockey ? USA ? NHL ? St.Louis Blues - San Jose Sharks;1 период ТМ(2.5) mbet;1,16;100000;10000;2;0;-10000;;"http://www.oddsportal.com/hockey/usa/nhl/st-louis-blues-san-jose-sharks-6BMtPX1f/#over-under;6;0.50;0";;
24 May 2016, 03:00;Hockey ? USA ? NHL ? St.Louis Blues - San Jose Sharks;1 период ТМ(1.5) 5dimes;1,74;100000;1600;2;0;-1600;;"http://www.oddsportal.com/hockey/usa/nhl/st-louis-blues-san-jose-sharks-6BMtPX1f/#over-under;6;0.50;0";;
24 May 2016, 03:00;Hockey ? USA ? NHL ? St.Louis Blues - San Jose Sharks;2 период ТБ(0.5) mbet;1,19;100000;5000;1;5950;950;;"http://www.oddsportal.com/hockey/usa/nhl/st-louis-blues-san-jose-sharks-6BMtPX1f/#over-under;6;0.50;0";;
24 May 2016, 03:00;Hockey ? USA ? NHL ? St.Louis Blues - San Jose Sharks;ТM(6) FT mbet;1,31;100000;5000;2;0;-5000;;;;
24 May 2016, 03:00;Hockey ? USA ? NHL ? St.Louis Blues - San Jose Sharks;Ф1(0) sbobet;1,94;100000;3000;2;0;-3000;;;;
24 May 2016, 03:00;Hockey ? USA ? NHL ? St.Louis Blues - San Jose Sharks;Обе забьют, нет mbet;4,85;100000;1000;2;0;-1000;;;;
24 May 2016, 03:30;Basketball ? USA ? NBA ? Toronto Raptors - Cleveland Cavaliers;FT with OT ТБ(187.5);1,3;100000;10000;1;13000;3000;;;;
24 May 2016, 03:30;Basketball ? USA ? NBA ? Toronto Raptors - Cleveland Cavaliers;1Q Ф1(+6.5) 888sport;1,28;200000;10000;1;12800;2800;;;;
24 May 2016, 12:00;Tennis ? France ? ATP French Open ? Tomic B. - Baker B.;ТБ(3.5 сетов) bet365;1,66;200000;5000;2;0;-5000;;;;
24 May 2016, 12:00;Tennis ? France ? ATP French Open ? Coric B. - Fritz T.;ТБ(3.5 сетов) bet365;1,72;200000;5000;2;0;-5000;;;;
24 May 2016, 12:00;Tennis ? France ? ATP French Open ? Estrella V. - Marchenko I.;П1 5dimes;1,59;200000;5000;1;7950;2950;;;;
24 May 2016, 12:00;Tennis ? France ? ATP French Open ? Jaziri M. - Mayer F.;П1 5dimes;1,68;200000;5000;1;8400;3400;;;;
4 May 2016, 12:00;Tennis ? France ? ATP French Open ? Melzer G. - Bedene A.;ТБ(3.5 сетов) bet365;1,61;200000;5000;1;8050;3050;;;;
24 May 2016, 14:45;Tennis ? France ? ATP French Open ? Cuevas P. - Kamke T.;ТM(3.5 сетов) bet365;1,61;200000;5000;2;0;-5000;;"http://www.oddsportal.com/tennis/france/atp-french-open/cuevas-pablo-kamke-tobias-IFyqhXc0/#over-under;12";;
24 May 2016, 14:30;Tennis ? France ? ATP French Open ? Carreno-Busta P. - Delbonis F.;П2 mbet;1,6;200000;8000;2;0;-8000;;"http://www.oddsportal.com/tennis/france/atp-french-open/carreno-busta-pablo-delbonis-federico-UmprsOdS/#over-under;2;3.50;1";;
24 May 2016, 14:30;Tennis ? France ? ATP French Open ? Bagnis F. - De Schepper K.;П1 william hill;1,73;200000;5000;1;8650;3650;;"http://www.oddsportal.com/tennis/france/atp-french-open/bagnis-facundo-de-schepper-kenny-d6zmiiD6/#home-away;2";;
24 May 2016, 16:45;Tennis ? France ? ATP French Open ? Ram R. - Vesely J.;1 сет ТБ(9.5) mbet;1,83;200000;5000;1;9150;4150;;"http://www.oddsportal.com/tennis/france/atp-french-open/ram-rajeev-vesely-jiri-vcnN2vJl/#over-under;12;9.50;2";;
24 May 2016, 18:20;Tennis ? France ? ATP French Open ? Lorenzi P. - Berlocq C.;1 сет ТБ(8.5) bet365;1,22;200000;10000;1;12200;2200;;"http://www.oddsportal.com/tennis/france/atp-french-open/lorenzi-paolo-berlocq-carlos-vVPijBSC/#over-under;12;8.50;2";;
24 May 2016, 18:20;Tennis ? France ? ATP French Open ? Lorenzi P. - Berlocq C.;1 сет ТБ(9.5) mbet;1,65;200000;5000;2;0;-5000;;"http://www.oddsportal.com/tennis/france/atp-french-open/lorenzi-paolo-berlocq-carlos-vVPijBSC/#over-under;12;8.50;2";;
24 May 2016, 18:25;Tennis ? France ? ATP French Open ? Seppi A. - Gulbis E.;1 сет ТБ(8.5) bet365;1,2;200000;10000;1;12000;2000;;"http://www.oddsportal.com/tennis/france/atp-french-open/seppi-andreas-gulbis-ernests-Uouz0x37/#over-under;12;9.50;2";;
24 May 2016, 18:25;Tennis ? France ? ATP French Open ? Seppi A. - Gulbis E.;1 сет ТБ(9.5) mbet;1,72;200000;2000;2;0;-2000;;"http://www.oddsportal.com/tennis/france/atp-french-open/seppi-andreas-gulbis-ernests-Uouz0x37/#over-under;12;9.50;2";;
25 May 2016, 01:15;Soccer ? Brazil ? S?rie B ? Londrina - Nautico;Обе забьют, нет mbet;1,94;200000;4000;1;7760;3760;;"http://www.oddsportal.com/soccer/brazil/serie-b/londrina-nautico-G0fkvdz6/#bts;2";;
26 May 2016, 01:30;Soccer ? Brazil ? S?rie B ? Bahia - Joinville;Обе забьют, нет mbet;1,63;200000;5000;1;8150;3150;;http://www.oddsportal.com/soccer/brazil/serie-b/bahia-joinville-EXXJOGzJ/;;
25 May 2016, 01:15;Soccer ? Brazil ? S?rie B ? Oeste - CRB;ТМ(3) mbet;1,35;200000;5000;3;5000;0;;;;
25 May 2016, 01:15;Soccer ? Brazil ? S?rie B ? Oeste - CRB;1-тайм ТМ(1.5) mbet;1,38;200000;5000;1;6900;1900;;;;
25 May 2016, 01:15;Soccer ? Brazil ? S?rie B ? Oeste - CRB;X2 mbet;1,79;200000;3000;2;0;-3000;;;;
25 May 2016, 10:00;Soccer ? South Korea ? National League ? Gangneung - Cheonan City;1X sbobet;1,27;200000;10000;2;0;-10000;;"http://www.oddsportal.com/soccer/south-korea/national-league/gangneung-cheonan-city-f3XOtl6b/#double;2";;
25 May 2016, 12:00;Tennis ? France ? ATP French Open ? Karlovic I. - Thompson J.;1 сет ТБ(9.5) bet365;1,33;200000;10000;1;13300;3300;;http://www.oddsportal.com/tennis/france/atp-french-open/karlovic-ivo-thompson-jordan-OIumJmIr/;;
25 May 2016, 12:00;Tennis ? France ? ATP French Open ? Karlovic I. - Thompson J.;1 сет ТБ(10.5) bet365;1,93;200000;3000;1;5790;2790;;http://www.oddsportal.com/tennis/france/atp-french-open/karlovic-ivo-thompson-jordan-OIumJmIr/;;
25 May 2016, 12:00;Tennis ? France ? ATP French Open ? Nishikori K. - Kuznetsov An.;Ф1(-1.5 sets) 1xbet;1,2;200000;10000;1;12000;2000;;;;
26 May 2016, 00:00;Volleyball ? World ? Pan-American Cup ? Colombia - Chile;ТБ(182.5) bet365;1,9;200000;4000;2;0;-4000;;;;
26 May 2016, 00:00;Bolivia ? Liga de Futbol Prof ? U. Sucre - Wilstermann;Ф2(+2.5) bet365;1,2;200000;10000;1;12000;2000;;"http://www.oddsportal.com/soccer/bolivia/liga-de-futbol-prof/universitario-de-sucre-wilstermann-SCkd20C4/#ah;2;-2.50;0";;
26 May 2016, 00:00;Bolivia ? Liga de Futbol Prof ? U. Sucre - Wilstermann;Ф2(+1.5) mbet;1,6;200000;2000;2;0;-2000;;"http://www.oddsportal.com/soccer/bolivia/liga-de-futbol-prof/universitario-de-sucre-wilstermann-SCkd20C4/#ah;2;-2.50;0";;
29 May 2016, 23:20;Теннис. Женщины. Турнир ITF. Брешия. Италия. Clay. Квалификация. Сантамария С. - Джонс Дж.;П1 bet365;1,66;200000;5000;1;8300;3300;;;;
29 May 2016, 23:20;Теннис. Женщины. Турнир ITF. Брешия. Италия. Clay. Квалификация. Сантамария С. - Джонс Дж.;1 сет П1 bet365;1,72;200000;3000;1;5160;2160;;;;
29 May 2016, 23:30;Hockey ? Canada ? Memorial Cup ? London Knights - Rouyn-Noranda Huskies;1 период П1 mbet;1,53;200000;3000;2;0;-3000;;;;
31 May 2016, 12:30;Tennis ? France ? ATP French Open ? Ferrer D. - Berdych T.;ТБ(3.5 сетов) betcity;1,46;200000;5000;2;0;-5000;;"http://www.oddsportal.com/tennis/france/atp-french-open/ferrer-david-berdych-tomas-UyrOumoe/#over-under;2;3.50;1";;
31 May 2016, 15:30;Tennis ? France ? ATP French Open ? Gasquet R. - Murray A.;П2 5dimes;1,34;200000;10000;1;13400;3400;;http://www.oddsportal.com/tennis/france/atp-french-open/gasquet-richard-murray-andy-M38JKC11/;;
31 May 2016, 02:00;Soccer ? Brazil ? S?rie C ? Remo - ASA ;Ф2(+2.5) bet365;1,15;200000;10000;1;11500;1500;;"http://www.oddsportal.com/soccer/brazil/serie-c/remo-asa-KxRfZjgN/#double;2";;
31 May 2016, 02:00;Soccer ? Brazil ? S?rie C ? Remo - ASA ;X2 1xbet;2,1;200000;1000;1;2100;1100;;"http://www.oddsportal.com/soccer/brazil/serie-c/remo-asa-KxRfZjgN/#double;2";;
31 May 2016, 03:05;Soccer ? Argentina ? Primera B Nacional ? Sportivo Estudiantes - Chacarita Juniors;ТБ(1.5) bet365;1,53;200000;3000;2;0;-3000;;;;
31 May 2016, 03:45;Soccer ? Colombia ? Torneo Aguila ? Pereira - Llaneros;П1 bwin;1,45;200000;5000;2;0;-5000;;"http://www.oddsportal.com/soccer/colombia/torneo-aguila/pereira-llaneros-bi279NSJ/#1X2;2";;
31 May 2016, 03:45;Soccer ? Colombia ? Torneo Aguila ? Pereira - Llaneros;Ф2(+2.5) mbet;1,33;200000;5000;1;6650;1650;;"http://www.oddsportal.com/soccer/colombia/torneo-aguila/pereira-llaneros-bi279NSJ/#ah;2;-2.50;0";;
31 May 2016, 06:00;Badminton ? Indonesia ? Superseries Indonesia Open Mixed Doubles ? Adcock C./Adcock G. - Prasetya A. E./Saufika A.;Ф1(-7.5) betcity;1,87;200000;5000;2;0;-5000;;http://www.oddsportal.com/badminton/indonesia/superseries-indonesia-open-mixed-doubles/adcock-chris-adcock-gabrielle-prasetya-alfian-eko-saufika-annisa-hCWiXJVm/;;
31 May 2016, 04:00;Soccer ? Argentina ? Torneo Federal A ? Antoniana - Defensores Belgrano VR;Ф1(0) bet365;1,73;200000;5000;1;8650;3650;;;;
02 Jun 2016, 14:00;Tennis ? France ? ATP French Open ? Djokovic N. - Berdych T.;3:1 bwin;4,25;200000;1500;2;0;-1500;;"http://www.oddsportal.com/tennis/france/atp-french-open/djokovic-novak-berdych-tomas-AX0TmCc7/#cs;2;11";;
02 Jun 2016, 14:00;Tennis ? France ? ATP French Open ? Thiem D. - Goffin D.;ТБ(3.5 сетов) betcity;1,48;200000;5000;1;7400;2400;;;;
02 Jun 2016, 02:00;Soccer ? Argentina ? Copa Argentina ? Defensa y Justicia - Talleres Cordoba;Ф2(+1.5) mbet;1,27;200000;6000;2;0;-6000;;"http://www.oddsportal.com/soccer/argentina/copa-argentina/defensa-y-justicia-talleres-cordoba-6wPHmEyJ/#ah;2";;
02 Jun 2016, 02:00;Soccer ? Argentina ? Copa Argentina ? Defensa y Justicia - Talleres Cordoba;1:1 bet365;6;200000;500;2;0;-500;;;;
02 Jun 2016, 02:00;Soccer ? USA ? MLS ? Philadelphia Union - Columbus Crew;Обе забьют, нет mbet;2,4;200000;3000;2;0;-3000;;"http://www.oddsportal.com/soccer/usa/mls/philadelphia-union-columbus-crew-zZWJa80b/#bts;2";;
02 Jun 2016, 11:25;Badminton ? Indonesia ? Superseries Indonesia Open ? Lin D. - Christie J.;Ф2(+10.5) betcity;1,9;200000;3500;1;6650;3150;;"http://www.oddsportal.com/badminton/indonesia/superseries-indonesia-open/lin-dan-christie-jonatan-AiegMB2t/#ah;2;-10.50;3";;
02 Jun 2016, 13:40;Badminton ? Indonesia ? Superseries Indonesia Open ? Ouseph R. - Wei N.;П2 1xbet;1,92;200000;3000;2;0;-3000;;http://www.oddsportal.com/badminton/indonesia/superseries-indonesia-open/ouseph-rajiv-wei-nan-SCu7jfOA/;;
02 Jun 2016, 17:00;Soccer ? Kazakhstan ? Premier League ? K. Almaty - Atyrau;Ф1(-1);1,38;200000;5000;1;6900;1900;;"http://www.oddsportal.com/soccer/kazakhstan/premier-league/k-almaty-atyrau-G6oDdGwK/#ah;2;-1.00;0";;
02 Jun 2016, 16:00;Soccer ? Kazakhstan ? Premier League ? Tobol - Ordabasy;Обе забьют, нет mbet;1,88;200000;3000;1;5640;2640;;"http://www.oddsportal.com/soccer/kazakhstan/premier-league/tobol-ordabasy-l0gRYCoD/#bts;2";;
02 Jun 2016, 14:30;Soccer ? Kazakhstan ? Premier League ? Zhetysu Taldykorgan - Aktobe;П2 mbet;1,89;200000;3000;2;0;-3000;;"http://www.oddsportal.com/soccer/kazakhstan/premier-league/zhetysu-taldykorgan-aktobe-A9fNZhW6/#1X2;2";;
02 Jun 2016, 14:00;Soccer ? Kazakhstan ? Premier League ? Taraz - FC Astana;Ф2(-1) bet365;1,77;200000;5000;1;8850;3850;;"http://www.oddsportal.com/soccer/kazakhstan/premier-league/taraz-fc-astana-Sp5IzZG0/#ah;2;1.00;0";;
03 Jun 2016, 16:00;Tennis ? France ? ATP French Open ? Wawrinka S. - Murray A.;П2 mbet;1,8;200000;8000;1;14400;6400;;;;
03 Jun 2016, 14:00;Мировой тур. Серия Челлендж. Оточець, Словения. Женщины. Одиночный разряд. 1-й раунд Линь, Е - Такеути, Кана;Ф1(-1.5 сета) mbet;1,57;200000;5000;1;7850;2850;;;;
05 Jun 2016, 16:00;Tennis ? France ? ATP French Open ? Djokovic N. - Murray A.;Ф2(+2.5 сета) pinnacle;1,48;200000;20000;1;29600;9600;;"http://www.oddsportal.com/tennis/france/atp-french-open/djokovic-novak-murray-andy-tOivJwit/#ah;2;-2.50;1";;
05 Jun 2016, 16:00;Tennis ? France ? ATP French Open ? Djokovic N. - Murray A.;П2 mbet;4,05;200000;1500;;1500;0;;"http://www.oddsportal.com/tennis/france/atp-french-open/djokovic-novak-murray-andy-tOivJwit/#ah;2;-2.50;1";;
;;;;200000;;;0;0;;;;
;;;;200000;;;0;0;;;;
;;;;200000;;;0;0;;;;
;;;;200000;;;0;0;;;;
;;;;200000;;;0;0;;;;
;;;;200000;;;0;0;;;;
;;;;200000;;;0;0;;;;
;;;;200000;;;0;0;;;;
;;;;200000;;;0;0;;;;
;;;;200000;;;0;0;;;;
;;;;200000;;;0;0;;;;
;;;;200000;;;0;0;;;;
;;;;;;;0;0;;;;
;;;;;;;0;0;;;;
;;;;;1170500;;1273530,275;103030,275;;;;
;;;;;;;;;;;;
;;;;;ROI:;0,088022448;;;;;;
